REGIONAL,DISTRITO,POLITÉCNICO,SIGERD,MATRÍCULA
03 - AZUA,0304 - BANI,07527 - CENTRO DE FORMACION TECNICO PROFESIONAL RENE DESCARTES,07527,2
11 - PUERTO PLATA,1101 - SOSUA,15650 - ALTA VISTA,15650,19
05 - SAN PEDRO DE MACORIS,0510 - GUAYMATE,14275 - POLITECNICO MILAGROS PROVIDENCIA NUÑEZ PEGUERO,14275,22
15 - SANTO DOMINGO,1504 - SANTO DOMINGO NOROESTE,05146 - POLITECNICO SAN BENITO,05146,27
08 - SANTIAGO,0804 - SANTIAGO NOROESTE,08502 - INTEGRAL H Y A - HOGAR EL MUNDO DE LOS NIÑOS,08502,29
10 - SANTO DOMINGO,1004 - SANTO DOMINGO ORIENTAL,05453 - LAS AMERICAS,05453,30
12 - HIGUEY,1202 - SAN RAFAEL DEL YUMA,06931 - SAN RAFAEL,06931,31
09 - MAO,0901 - MAO,17113 - PADRE LUIS VARIARA,17113,32
05 - SAN PEDRO DE MACORIS,0504 - HATO MAYOR,09230 - SANTA MARIA DEL BATEY,09230,34
17 - MONTE PLATA,1702 - MONTE PLATA,05703 - POLITECNICO DR. JOSE FRANCISCO PENA GOMEZ,05703,34
05 - SAN PEDRO DE MACORIS,0501 - SAN PEDRO DE MACORIS ESTE,08247 - ESTIMULACION Y DESARROLLO PSICOPEDAGOGICO MACORIX,08247,41
08 - SANTIAGO,0805 - SANTIAGO CENTRO-OESTE,08576 - INSTITUTO PEDAGOGICO  DE SANTIAGO,08576,41
10 - SANTO DOMINGO,1003 - SANTO DOMINGO NORESTE,05530 - SIGLO XXI,05530,42
11 - PUERTO PLATA,1102 - PUERTO PLATA,14472 - POLITECNICO TORIBIO,14472,43
10 - SANTO DOMINGO,1001 - VILLA MELLA,05850 - LAS ABEJITAS,05850,44
10 - SANTO DOMINGO,1006 - MENDOZA,"17200 - CENTRO EDUCATIVO DE ESTUDIOS GENERALES Y SERVICIOS, CEGES LAS AMERICAS",17200,44
17 - MONTE PLATA,1705 - PERALVILLO,09166 - POLITECNICO RAFAEL CASTILLO REINOSO,09166,45
01 - BARAHONA,0103 - BARAHONA,14192 - POLITECNICO APOLONIA LEDESMA,14192,46
14 - NAGUA,1401 - NAGUA,07337 - MIGUEL SANTIAGO YANGUELA GOMEZ,07337,47
04 - SAN CRISTOBAL,0402 - SAN CRISTOBAL NORTE,08118 - ACADEMIA CANAAN,08118,49
16 - COTUI,1605 - PIEDRA BLANCA,09083 - POLITECNICO PROF. FRANCISCO RAMIREZ CAPELLAN,09083,49
17 - MONTE PLATA,1704 - SABANA GRANDE DE BOYA,09143 - POLITECNICO GREGORIO AYBAR CONTRERAS,09143,49
03 - AZUA,0302 - PADRE DE LAS CASAS,06350 - ANA MARIA ALCANTARA,06350,51
05 - SAN PEDRO DE MACORIS,0510 - GUAYMATE,07052 - POLITECNICO PROF. RAUL HORACIO CAIRO FERRAND,07052,51
15 - SANTO DOMINGO,1503 - SANTO DOMINGO SURCENTRAL,05243 - EVANGELICO CENTRAL,05243,52
15 - SANTO DOMINGO,1503 - SANTO DOMINGO SURCENTRAL,06210 - UTESIANO DE ESTUDIOS INTEGRADOS-CUEI-UTESA,06210,53
09 - MAO,0902 - ESPERANZA,15486 - POLITECNICO PROF. JOSE ARTURO PEÑA TEJADA,15486,54
10 - SANTO DOMINGO,1004 - SANTO DOMINGO ORIENTAL,05391 - ADVENTISTA OZAMA,05391,55
13 - MONTE CRISTI,1306 - RESTAURACION,06738 - LICEO TECNICO RIO LIMPIO,06738,55
12 - HIGUEY,1201 - HIGUEY,15612 - POLITECNICO GREGORIO LUPERON,15612,56
16 - COTUI,1601 - COTUI,09965 - POLITECNICO JOSE ADON ADAMES ABREU,09965,57
02 - SAN JUAN DE LA MAGUANA,0204 - EL CERCADO,13435 - POLITECNICO PROF. FILOMENA DE OLEO MESA,13435,59
02 - SAN JUAN DE LA MAGUANA,0204 - EL CERCADO,08184 - POLITECNICO PROF. URBANO BERIGUETE CASTILLO,08184,61
06 - LA VEGA,0608 - JAMAO AL NORTE,06831 - POLITECNICO PROF. RAFAEL MORALES FERNANDEZ,06831,61
16 - COTUI,1602 - FANTINO,08455 - POLITECNICO PRESENTACION FE Y ALEGRIA,08455,62
06 - LA VEGA,0605 - LA VEGA ESTE,07191 - POLITECNICO SAN LUIS GONZAGA,07191,63
12 - HIGUEY,1203 - EL SEIBO,14222 - POLITECNICO JUAN PABLO DUARTE DIEZ,14222,64
15 - SANTO DOMINGO,1504 - SANTO DOMINGO NOROESTE,04963 - LA SENDA DEL SABER,04963,65
12 - HIGUEY,1204 - MICHES,14641 - POLITECNICO EUGENIO MICHES JIMENEZ,14641,66
01 - BARAHONA,0103 - BARAHONA,06506 - POLITECNICO LA CIENAGA,06506,67
08 - SANTIAGO,0804 - SANTIAGO NOROESTE,08506 - CENTRO EDUCATIVO QUISQUEYA-CEQUISA,08506,67
15 - SANTO DOMINGO,1503 - SANTO DOMINGO SURCENTRAL,05096 - POLITECNICO ESCUELA HOGAR PROF. MERCEDES AMIAMA BLANDINO,05096,68
04 - SAN CRISTOBAL,0403 - SAN CRISTOBAL SUR,07853 - CRISTIANO EL ALFARERO,07853,69
08 - SANTIAGO,0804 - SANTIAGO NOROESTE,08487 - MADRE TERESA DE CALCUTA,08487,70
08 - SANTIAGO,0805 - SANTIAGO CENTRO-OESTE,08600 - INTEGRAL NUESTRA SEÑORA DE FATIMA,08600,71
15 - SANTO DOMINGO,1505 - HERRERA,04996 - ALFONSO I,04996,72
13 - MONTE CRISTI,1305 - LOMA DE CABRERA,06543 - POLITECNICO SIMON BOLIVAR,06543,76
04 - SAN CRISTOBAL,0401 - CAMBITA GARABITOS,07981 - POLITECNICO MARINO GARABITO,07981,77
06 - LA VEGA,0608 - JAMAO AL NORTE,06829 - POLITECNICO GABRIEL ESPINAL RODRIGUEZ,06829,79
15 - SANTO DOMINGO,1503 - SANTO DOMINGO SURCENTRAL,05075 - PSICOLOGIA INDUSTRIAL DOMINICANA,05075,79
16 - COTUI,1601 - COTUI,08441 - POLITECNICO PROF. ROBERTO CAMILO RECIO,08441,79
08 - SANTIAGO,0802 - JANICO,08673 - POLITECNICO JUAN ANTONIO COLLADO,08673,80
01 - BARAHONA,0103 - BARAHONA,06501 - POLITECNICO PROF. JUAN EMILIO BOSCH GAVIÑO,06501,84
06 - LA VEGA,0601 - JOSE CONTRERAS,06825 - POLITECNICO JUAN MIGUEL VICENTE MARTIN,06825,84
10 - SANTO DOMINGO,1006 - MENDOZA,14492 - POLITECNICO JUANA SALTITOPA,14492,84
14 - NAGUA,1402 - CABRERA,07352 - POLITECNICO SAN RAFAEL,07352,85
17 - MONTE PLATA,1701 - YAMASA,09147 - POLITECNICO VIRGINIA FIDELINA MATOS  DE LA CRUZ,09147,85
14 - NAGUA,1401 - NAGUA,07319 - CENTRO DE EDUCACION INTEGRAL CARMEN ONEIDA CRUZ EDUARDO,07319,87
18 - BAORUCO,1804 - JIMANI,06894 - POLITECNICO MANUEL NOVAS CUEVAS,06894,87
02 - SAN JUAN DE LA MAGUANA,0204 - EL CERCADO,15659 - POLITECNICO SAN FRANCISCO DE ASIS FE Y ALEGRIA,15659,89
06 - LA VEGA,0609 - SAN VICTOR,06836 - POLITECNICO SAN JUAN BAUTISTA DE LA SALLE,06836,89
10 - SANTO DOMINGO,1002 - SABANA PERDIDA,05708 - POLITECNICO PROF. COSME MANUEL JIMENEZ,05708,90
16 - COTUI,1606 - BONAO NORDESTE,09101 - POLITECNICO DE FORMACION INTEGRAL CIGAR FAMILY (CFICF),09101,90
04 - SAN CRISTOBAL,0406 - HAINA,05978 - POLITECNICO OSVALDO BIENVENIDO BAEZ,05978,92
08 - SANTIAGO,0803 - SANTIAGO SUR-ESTE,08826 - COLEGIO DE ESTUDIOS GENERALES Y DE SERVICIOS,08826,92
12 - HIGUEY,1203 - EL SEIBO,06755 - POLITECNICO PEDRO SANCHEZ,06755,92
08 - SANTIAGO,0802 - JANICO,08735 - POLITECNICO DON JUAN HERNANDEZ,08735,95
16 - COTUI,1601 - COTUI,08464 - POLITECNICO MARIA DOLORES VELASQUEZ ROMERO,08464,97
16 - COTUI,1606 - BONAO NORDESTE,13523 - CENTRO EDUCATIVO EN ARTES PROF. RAMON AGUSTIN CORCINO ACOSTA,13523,98
06 - LA VEGA,0605 - LA VEGA ESTE,07298 - POLITECNICO ARZ. JUAN ANTONIO FLORES SANTANA,07298,99
17 - MONTE PLATA,1704 - SABANA GRANDE DE BOYA,09135 - POLITECNICO LIC. YOLANDA ESTHER RIVERA,09135,99
10 - SANTO DOMINGO,1001 - VILLA MELLA,05858 - DUARTE,05858,101
14 - NAGUA,1404 - SAMANA,07803 - POLITECNICO ALFREDO PEÑA CASTILLO,07803,101
07 - SAN FRANCISCO DE MACORIS,0704 - VILLA RIVA,06657 - POLITECNICO FRANCISCO ADALBERTO GARCIA PEREZ,06657,102
10 - SANTO DOMINGO,1003 - SANTO DOMINGO NORESTE,05433 - NUESTRA SEÑORA DEL ROSARIO DE FATIMA,05433,102
01 - BARAHONA,0103 - BARAHONA,06502 - POLITECNICO CRUCE DE PALO ALTO,06502,103
06 - LA VEGA,0602 - CONSTANZA,07221 - POLITECNICO NUESTRA SEÑORA DEL VALLE,07221,103
10 - SANTO DOMINGO,1003 - SANTO DOMINGO NORESTE,06019 - POLITECNICO MAYAJE,06019,103
10 - SANTO DOMINGO,1004 - SANTO DOMINGO ORIENTAL,05537 - CRISTO DE LOS MILAGROS,05537,105
03 - AZUA,0301 - AZUA,13524 - SAGRADO CORAZON DE JESUS,13524,106
10 - SANTO DOMINGO,1004 - SANTO DOMINGO ORIENTAL,05510 - NUESTRA SEÑORA DE LA ALTAGRACIA,05510,106
10 - SANTO DOMINGO,1006 - MENDOZA,05657 - KELBYN OBREROS DE PAZ,05657,106
07 - SAN FRANCISCO DE MACORIS,0707 - VILLA TAPIA,07779 - CENTRO DE EDUCACION Y PROMOCION RURAL (CEPROR),07779,108
08 - SANTIAGO,0807 - VILLA BISONO (NAVARRETE),14969 - POLITECNICO PROF. MIGUEL ANGEL GUZMAN,14969,108
18 - BAORUCO,1804 - JIMANI,06876 - POLITECNICO MAXIMO GOMEZ,06876,108
18 - BAORUCO,1804 - JIMANI,06888 - POLITECNICO JOSE DOLORES VASQUEZ PEÑA,06888,108
16 - COTUI,1605 - PIEDRA BLANCA,09079 - POLITECNICO CACIQUE DON FRANCISCO BONAO,09079,109
02 - SAN JUAN DE LA MAGUANA,0205 - SAN JUAN ESTE,08146 - EVANGELICO LUCILLE RUPP,08146,111
06 - LA VEGA,0606 - MOCA,"15663 - POLITECNICO MARIA AUXILIADORA, (FMA SALESIANAS)",15663,111
15 - SANTO DOMINGO,1503 - SANTO DOMINGO SURCENTRAL,05084 - INSTITUTO SAN JUAN BAUTISTA,05084,111
15 - SANTO DOMINGO,1505 - HERRERA,05961 - UTESIANO DE ESTUDIOS INTEGRADOS-CUEI-UTESA,05961,111
01 - BARAHONA,0105 - VICENTE NOBLE,06495 - POLITECNICO HILDA DOTEL FLORIAN,06495,113
06 - LA VEGA,0605 - LA VEGA ESTE,07179 - CARDENAL SANCHA,07179,113
15 - SANTO DOMINGO,1502 - SANTO DOMINGO CENTRO,05220 - COLEGIO CATOLICO SANTIAGO APOSTOL,05220,113
13 - MONTE CRISTI,1301 - MONTE CRISTI,07387 - INSTITUTO POLITECNICO SAN JOSE,07387,115
15 - SANTO DOMINGO,1505 - HERRERA,04957 - INSTITUTO OLIMPO RAMON,04957,115
14 - NAGUA,1402 - CABRERA,07354 - POLITECNICO DOMINGO ANTONIO TEJADA,07354,116
06 - LA VEGA,0605 - LA VEGA ESTE,07265 - EXPERIMENTAL UNPHU,07265,118
08 - SANTIAGO,0804 - SANTIAGO NOROESTE,08623 - FAUSTO JIMENEZ,08623,118
10 - SANTO DOMINGO,1001 - VILLA MELLA,"15567 - POLITECNICO EL AVE MARIA, PADRE MIGUEL FENOLLERA ROCA",15567,119
10 - SANTO DOMINGO,1003 - SANTO DOMINGO NORESTE,"09286 - CENTRO EDUCATIVO DE ESTUDIOS GENERALES Y SERVICIOS, CEGES",09286,119
02 - SAN JUAN DE LA MAGUANA,0206 - SAN JUAN OESTE,08224 - POLITECNICO JINOVA,08224,120
07 - SAN FRANCISCO DE MACORIS,0705 - SAN FRANCISCO DE MACORIS SUR-E,06583 - POLITECNICO MANUEL MARIA CASTILLO,06583,122
01 - BARAHONA,0105 - VICENTE NOBLE,06498 - POLITECNICO MANUEL AURELIO TAVAREZ JUSTO (MANOLO),06498,123
10 - SANTO DOMINGO,1003 - SANTO DOMINGO NORESTE,15543 - JUAN PABLO DUARTE DIEZ,15543,124
02 - SAN JUAN DE LA MAGUANA,0206 - SAN JUAN OESTE,08165 - POLITECNICO PEDRO CORTO,08165,125
08 - SANTIAGO,0806 - SANTIAGO NORESTE,15445 - POLITECNICO PROF. ANA GLORIA DE LA CRUZ DE ESTRELLA,15445,125
15 - SANTO DOMINGO,1503 - SANTO DOMINGO SURCENTRAL,05023 - COLEGIO SABIDURIA Y BALUARTE (COSABA),05023,127
14 - NAGUA,1405 - SANCHEZ,07814 - POLITECNICO PROF. GLORIA MARIA CALCAÑO CALCAÑO,07814,128
06 - LA VEGA,0604 - LA VEGA OESTE,14286 - POLITECNICO MIGUEL ANGEL IBAÑEZ,14286,129
16 - COTUI,1607 - VILLA LA MATA,08442 - POLITECNICO PROF. JUAN FRANCISCO ALFONSECA,08442,130
14 - NAGUA,1405 - SANCHEZ,07825 - POLITECNICO JOSE LUIS HILARIO BONE,07825,133
15 - SANTO DOMINGO,1501 - LOS ALCARRIZOS,04962 - TECNICO LA REDENCION DE PANTOJA,04962,133
07 - SAN FRANCISCO DE MACORIS,0705 - SAN FRANCISCO DE MACORIS SUR-E,06617 - POLITECNICO PEDRO FRANCISCO BONO,06617,134
04 - SAN CRISTOBAL,0407 - SAN GREGORIO DE NIGUA,14496 - POLITECNICO MARIANO DE JESUS SABA,14496,136
06 - LA VEGA,0602 - CONSTANZA,07172 - ALEGRIA,07172,136
05 - SAN PEDRO DE MACORIS,0503 - LA ROMANA,11681 - POLITECNICO MAX SIMON,11681,140
02 - SAN JUAN DE LA MAGUANA,0205 - SAN JUAN ESTE,08210 - POLITECNICO VALLEJUELO,08210,142
06 - LA VEGA,0610 - JIMA ABAJO,07257 - POLITECNICO REVERENDO ANDRES AMENGUAL FE Y ALEGRIA,07257,144
01 - BARAHONA,0102 - ENRIQUILLO,06488 - POLITECNICO PARAISO,06488,146
12 - HIGUEY,1203 - EL SEIBO,06747 - POLITECNICO PROF. JUAN EMILIO BOSCH GAVIÑO,06747,146
02 - SAN JUAN DE LA MAGUANA,0205 - SAN JUAN ESTE,08214 - CRISTIANO DE EDUCACION PARA EL DESARROLLO,08214,147
02 - SAN JUAN DE LA MAGUANA,0205 - SAN JUAN ESTE,13495 - POLITECNICO SAN ANDRES,13495,147
02 - SAN JUAN DE LA MAGUANA,0202 - PEDRO SANTANA,06720 - POLITECNICO SAN FRANCISCO DE ASIS,06720,148
14 - NAGUA,1404 - SAMANA,07798 - POLITECNICO MANUELA MULLIX FERMIN,07798,148
17 - MONTE PLATA,1701 - YAMASA,14367 - POLITECNICO JOSE DE LA LUZ GUILLEN,14367,148
08 - SANTIAGO,0808 - LICEY AL MEDIO,08782 - POLITECNICO PROF. MILAGROS CELESTE ARIAS,08782,149
06 - LA VEGA,0603 - JARABACOA,07294 - EXPERIMENTAL FERNANDO ARTURO DE MERIÑO,07294,150
15 - SANTO DOMINGO,1502 - SANTO DOMINGO CENTRO,06319 - POLITECNICO SANTA CLARA DE ASIS,06319,152
15 - SANTO DOMINGO,1504 - SANTO DOMINGO NOROESTE,13109 - POLITECNICO MARILLAC,13109,152
07 - SAN FRANCISCO DE MACORIS,0704 - VILLA RIVA,11187 - POLITECNICO PROF. JUAN EMILIO BOSCH GAVIÑO,11187,153
03 - AZUA,0303 - SAN JOSE DE OCOA,07507 - POLITECNICO WILLIAM RADHAMES ENCARNACION MEJIA,07507,154
04 - SAN CRISTOBAL,0404 - VILLA  ALTAGRACIA,07960 - POLITECNICO PROF. JUAN EMILIO BOSCH GAVIÑO,07960,159
10 - SANTO DOMINGO,1003 - SANTO DOMINGO NORESTE,05885 - MARANATHA DE DOÑA GLADYS,05885,160
14 - NAGUA,1401 - NAGUA,15306 - POLITECNICO PROF. SAMUEL NOEL BRITO BRUNO,15306,160
18 - BAORUCO,1803 - VILLA JARAGUA,06430 - POLITECNICO HUMBERTO RECIO,06430,161
02 - SAN JUAN DE LA MAGUANA,0207 - HONDO VALLE,06729 - POLITECNICO NUESTRA SEÑORA DEL ROSARIO DE FATIMA,06729,162
15 - SANTO DOMINGO,1502 - SANTO DOMINGO CENTRO,16384 - POLITECNICO SALESIANO SAGRADO CORAZON DE JESUS,16384,162
06 - LA VEGA,0603 - JARABACOA,15661 - POLITECNICO NUESTRA SEÑORA DE LA ALTAGRACIA (FMA SALESIANAS),15661,164
07 - SAN FRANCISCO DE MACORIS,0702 - SALCEDO,07746 - POLITECNICO NUESTRA SEÑORA DEL SAGRADO CORAZON,07746,166
15 - SANTO DOMINGO,1501 - LOS ALCARRIZOS,13400 - POLITECNICO FEDERICO HENRIQUEZ Y CARVAJAL,13400,166
06 - LA VEGA,0605 - LA VEGA ESTE,07180 - COLEGIO EUGENIO MARIA DE HOSTOS,07180,167
16 - COTUI,1604 - BONAO SUROESTE,09020 - POLITECNICO LOS HEROES,09020,169
08 - SANTIAGO,0804 - SANTIAGO NOROESTE,08773 - POLITECNICO CRISTIANO AMANECER,08773,170
06 - LA VEGA,0610 - JIMA ABAJO,07256 - POLITECNICO ANA SILVIA JIMENEZ DE CASTRO,07256,171
10 - SANTO DOMINGO,1002 - SABANA PERDIDA,05832 - LOS PALMARES,05832,171
06 - LA VEGA,0605 - LA VEGA ESTE,07175 - POLITECNICO DON PEPE ALVAREZ,07175,172
17 - MONTE PLATA,1703 - BAYAGUANA,09126 - POLITECNICO MORAYMA VELOZ DE BAEZ,09126,172
15 - SANTO DOMINGO,1504 - SANTO DOMINGO NOROESTE,05045 - COLEGIO PREUNIVERSITARIO DR. LUIS ALFREDO DUVERGE MEJIA - UNPHU,05045,174
08 - SANTIAGO,0804 - SANTIAGO NOROESTE,12169 - POLITECNICO VITALINA GALLARDO DE ABINADER,12169,175
04 - SAN CRISTOBAL,0406 - HAINA,07897 - JUAN BAUTISTA CAMBIASO,07897,176
06 - LA VEGA,0604 - LA VEGA OESTE,11105 - POLITECNICO SAN IGNACIO DE LOYOLA FE Y ALEGRIA,11105,178
18 - BAORUCO,1804 - JIMANI,06884 - POLITECNICO PROF. JUAN RUPERTO POLANCO,06884,179
15 - SANTO DOMINGO,1502 - SANTO DOMINGO CENTRO,05304 - POLITECNICO SAN JUAN BAUTISTA DE LA SALLE,05304,182
06 - LA VEGA,0606 - MOCA,06864 - POLITECNICO EL AVE MARIA,06864,183
15 - SANTO DOMINGO,1506 - PEDRO BRAND,05795 - POLITECNICO JOSE MANUEL BURET TAVERAS,05795,183
08 - SANTIAGO,0804 - SANTIAGO NOROESTE,14231 - POLITECNICO PROF. RAMONA ALTAGRACIA TEJADA MARTE,14231,184
08 - SANTIAGO,0805 - SANTIAGO CENTRO-OESTE,08562 - POLITECNICO ULISES FRANCISCO ESPAILLAT,08562,184
09 - MAO,0901 - MAO,08958 - POLITECNICO SALESIANO SAGRADO CORAZON DE JESUS,08958,184
04 - SAN CRISTOBAL,0403 - SAN CRISTOBAL SUR,07888 - POLITECNICO BIENVENIDO CARO AMANCIO,07888,185
03 - AZUA,0304 - BANI,07519 - POLITECNICO ESPIRITU SANTO - FE Y ALEGRIA,07519,186
08 - SANTIAGO,0805 - SANTIAGO CENTRO-OESTE,08822 - POLITECNICO MADRE TERESA DE CALCUTA - FE Y ALEGRIA,08822,186
15 - SANTO DOMINGO,1502 - SANTO DOMINGO CENTRO,05277 - POLITECNICO MARIA INMACULADA (FMA SALESIANAS),05277,186
05 - SAN PEDRO DE MACORIS,0503 - LA ROMANA,07056 - POLITECNICO ESCUELA HOGAR DEL NIÑO,07056,191
07 - SAN FRANCISCO DE MACORIS,0706 - SAN FRANCISCO DE MACORIS NOR-O,06610 - POLITECNICO MAX HENRIQUEZ UREÑA,06610,192
13 - MONTE CRISTI,1303 - VILLA VASQUEZ,07422 - POLITECNICO FRANCISCO GREGORIO BILLINI,07422,196
08 - SANTIAGO,0804 - SANTIAGO NOROESTE,14582 - POLITECNICO SIMON ANTONIO LUCIANO CASTILLO,14582,198
10 - SANTO DOMINGO,1006 - MENDOZA,14901 - POLITECNICO FEDERICO HENRIQUEZ Y CARVAJAL,14901,199
06 - LA VEGA,0606 - MOCA,13370 - POLITECNICO JOSE ANTONIO CASTILLO FERREIRAS,13370,201
17 - MONTE PLATA,1701 - YAMASA,09168 - POLITECNICO GENERAL EUSEBIO MANZUETA,09168,202
04 - SAN CRISTOBAL,0404 - VILLA  ALTAGRACIA,07957 - POLITECNICO MEDINA,07957,203
08 - SANTIAGO,0805 - SANTIAGO CENTRO-OESTE,10718 - POLITECNICO PASTOR ABAJO,10718,205
04 - SAN CRISTOBAL,0404 - VILLA  ALTAGRACIA,07964 - POLITECNICO TULIO MANUEL CESTERO,07964,206
11 - PUERTO PLATA,1101 - SOSUA,10966 - POLITECNICO PROF. JOSE MOREL,10966,208
06 - LA VEGA,0603 - JARABACOA,07246 - POLITECNICO SALESIANO SANTO DOMINGO SAVIO,07246,210
08 - SANTIAGO,0801 - SAN JOSE DE LAS MATAS,08692 - POLITECNICO CANADA,08692,211
06 - LA VEGA,0606 - MOCA,06862 - POLITECNICO PROF. MARIA ALTAGRACIA HOLGUIN MORA,06862,215
14 - NAGUA,1406 - EL FACTOR,07357 - POLITECNICO PROF. MANUEL SALOME TAVERAS DUARTE,07357,220
15 - SANTO DOMINGO,1501 - LOS ALCARRIZOS,09283 - INTEGRAL HERMANAS MIRABAL,09283,220
07 - SAN FRANCISCO DE MACORIS,0704 - VILLA RIVA,06646 - POLITECNICO JUAN PABLO DUARTE,06646,221
18 - BAORUCO,1804 - JIMANI,06871 - POLITECNICO PROF. MAXIMO PEREZ FLORIAN,06871,221
11 - PUERTO PLATA,1105 - ALTAMIRA,07609 - POLITECNICO RUBEN DARIO,07609,223
18 - BAORUCO,1803 - VILLA JARAGUA,14158 - POLITECNICO MARIE POUSSEPIN - FE Y ALEGRIA,14158,223
08 - SANTIAGO,0805 - SANTIAGO CENTRO-OESTE,11150 - POLITECNICO HERMANA JOSEFINA SERRANO,11150,224
05 - SAN PEDRO DE MACORIS,0503 - LA ROMANA,07064 - POLITECNICO EVANGELICO SHALOM,07064,225
14 - NAGUA,1405 - SANCHEZ,07809 - POLITECNICO FRANCISCO DEL ROSARIO SANCHEZ,07809,225
08 - SANTIAGO,0805 - SANTIAGO CENTRO-OESTE,14313 - POLITECNICO PROF. YSABEL ROSALBA TORREZ RODRIGUEZ,14313,227
06 - LA VEGA,0607 - GASPAR HERNANDEZ,15228 - POLITECNICO PROF. JUAN EMILIO BOSCH GAVIÑO,15228,228
05 - SAN PEDRO DE MACORIS,0503 - LA ROMANA,14410 - POLITECNICO PROF. MIGUEL INFANTE SANTANA,14410,231
08 - SANTIAGO,0804 - SANTIAGO NOROESTE,15444 - POLITECNICO YORYI MOREL,15444,232
10 - SANTO DOMINGO,1003 - SANTO DOMINGO NORESTE,15705 - POLITECNICO JUAN DE LOS SANTOS,15705,232
10 - SANTO DOMINGO,1006 - MENDOZA,05583 - POLITECNICO SAN JOSE DE LOS FRAILES,05583,232
15 - SANTO DOMINGO,1502 - SANTO DOMINGO CENTRO,06309 - POLITECNICO HERMANA ROSARIO TORRES FE Y ALEGRIA,06309,233
17 - MONTE PLATA,1701 - YAMASA,13387 - POLITECNICO JOSE REYES,13387,233
17 - MONTE PLATA,1702 - MONTE PLATA,13164 - POLITECNICO JULIO ABREU CUELLO,13164,241
12 - HIGUEY,1201 - HIGUEY,14676 - POLITECNICO PROF. SANTA MARIANA OLEA DE CASTRO,14676,244
04 - SAN CRISTOBAL,0407 - SAN GREGORIO DE NIGUA,07979 - POLITECNICO PADRE ZEGRI,07979,245
08 - SANTIAGO,0806 - SANTIAGO NORESTE,11918 - POLITECNICO MARTINA MERCEDES ZOUAIN,11918,246
15 - SANTO DOMINGO,1502 - SANTO DOMINGO CENTRO,06313 - POLITECNICO MANUEL AURELIO TAVAREZ JUSTO (MANOLO),06313,246
16 - COTUI,1602 - FANTINO,08424 - POLITECNICO PADRE FANTINO,08424,248
10 - SANTO DOMINGO,1004 - SANTO DOMINGO ORIENTAL,09605 - POLITECNICO JOSE MARIA VELAZ FE Y ALEGRIA,09605,249
05 - SAN PEDRO DE MACORIS,0511 - VILLA HERMOSA,14685 - POLITECNICO PROF. MERCEDES MARIA LAZALA MEJIA,14685,250
15 - SANTO DOMINGO,1504 - SANTO DOMINGO NOROESTE,14224 - POLITECNICO HERMANAS MIRABAL,14224,250
01 - BARAHONA,0101 - PEDERNALES,07430 - POLITECNICO LUIS MEDRANO GONZALEZ,07430,251
08 - SANTIAGO,0803 - SANTIAGO SUR-ESTE,14601 - POLITECNICO PROF. JOSE MERCEDES ALVINO,14601,252
04 - SAN CRISTOBAL,0407 - SAN GREGORIO DE NIGUA,07932 - POLITECNICO PROF. MELIDA ALTAGRACIA BAEZ,07932,254
15 - SANTO DOMINGO,1505 - HERRERA,05762 - POLITECNICO LAS AMERICAS,05762,254
18 - BAORUCO,1805 - DUVERGE,06878 - POLITECNICO ENRIQUILLO,06878,259
16 - COTUI,1604 - BONAO SUROESTE,14697 - PROF. RUTH ELVIRA AYBAR DE POLANCO,14697,260
17 - MONTE PLATA,1702 - MONTE PLATA,09190 - POLITECNICO PROMAPEC,09190,265
04 - SAN CRISTOBAL,0404 - VILLA  ALTAGRACIA,14217 - POLITECNICO MANUEL AURELIO TAVAREZ JUSTO (MANOLO),14217,266
04 - SAN CRISTOBAL,0406 - HAINA,07904 - CESAR NICOLAS PENSON,07904,266
04 - SAN CRISTOBAL,0402 - SAN CRISTOBAL NORTE,15293 - POLITECNICO EUGENIO MARIA DE HOSTOS,15293,268
04 - SAN CRISTOBAL,0405 - YAGUATE,15341 - POLITECNICO ANDRES BREMON,15341,271
10 - SANTO DOMINGO,1004 - SANTO DOMINGO ORIENTAL,05515 - POLITECNICO DIVINA PROVIDENCIA,05515,271
15 - SANTO DOMINGO,1503 - SANTO DOMINGO SURCENTRAL,05025 - FERNANDO ARTURO DE MERINO,05025,276
07 - SAN FRANCISCO DE MACORIS,0703 - CASTILLO,06641 - POLITECNICO AGUSTIN BONILLA,06641,278
14 - NAGUA,1407 - LAS TERRENAS,13364 - POLITECNICO SANTO ESTEBAN RIVERA,13364,282
16 - COTUI,1607 - VILLA LA MATA,08433 - POLITECNICO MIGUEL ANGEL GARCIA VILORIA,08433,284
01 - BARAHONA,0105 - VICENTE NOBLE,06497 - POLITECNICO SAN JOSE,06497,285
03 - AZUA,0305 - NIZAO,07478 - POLITECNICO SAN FELIPE NERI FE Y ALEGRIA,07478,286
06 - LA VEGA,0604 - LA VEGA OESTE,07173 - POLITECNICO MERCEDES MOREL,07173,286
15 - SANTO DOMINGO,1503 - SANTO DOMINGO SURCENTRAL,06180 - MOVEARTE (ESCUELA TECNICA),06180,286
06 - LA VEGA,0605 - LA VEGA ESTE,07209 - POLITECNICO MANUEL ACEVEDO SERRANO - FE Y ALEGRIA,07209,288
10 - SANTO DOMINGO,1001 - VILLA MELLA,05856 - POLITECNICO CRISTO OBRERO,05856,292
10 - SANTO DOMINGO,1001 - VILLA MELLA,15692 - POLITECNICO SOR ANGELES VALLS FE Y ALEGRIA,15692,292
15 - SANTO DOMINGO,1505 - HERRERA,14228 - POLITECNICO PROF. VICTOR PASCUAL AGUERO,14228,296
15 - SANTO DOMINGO,1505 - HERRERA,15475 - POLITECNICO PADRE JOAQUIM ROSSELLO,15475,296
17 - MONTE PLATA,1701 - YAMASA,09189 - POLITECNICO PARROQUIAL SOR SUSANA DALY,09189,297
01 - BARAHONA,0102 - ENRIQUILLO,06483 - POLITECNICO GUAROCUYA,06483,299
04 - SAN CRISTOBAL,0406 - HAINA,08091 - MELBA BAEZ DE ERAZO CENTRO DE EXCELENCIA,08091,299
08 - SANTIAGO,0805 - SANTIAGO CENTRO-OESTE,08834 - POLITECNICO PADRE ZEGRI,08834,301
13 - MONTE CRISTI,1301 - MONTE CRISTI,14352 - POLITECNICO OLGA MODESTA MARTINEZ,14352,301
15 - SANTO DOMINGO,1502 - SANTO DOMINGO CENTRO,05399 - POLITECNICO DOMINGO SAVIO FE Y ALEGRIA,05399,303
02 - SAN JUAN DE LA MAGUANA,0206 - SAN JUAN OESTE,13936 - POLITECNICO SAN MIGUEL FE Y ALEGRIA,13936,307
10 - SANTO DOMINGO,1005 - BOCA CHICA,14169 - POLITECNICO ITLA,14169,307
15 - SANTO DOMINGO,1504 - SANTO DOMINGO NOROESTE,05174 - POLITECNICO SAN PABLO APOSTOL,05174,309
08 - SANTIAGO,0803 - SANTIAGO SUR-ESTE,14392 - POLITECNICO MERCEDES ALTAGRACIA CABRAL DE LEON,14392,311
15 - SANTO DOMINGO,1503 - SANTO DOMINGO SURCENTRAL,16714 - INSTITUTO SALESIANO DON BOSCO,16714,313
18 - BAORUCO,1801 - NEIBA,14160 - POLITECNICO SAN BARTOLOME APOSTOL FE Y ALEGRIA,14160,314
02 - SAN JUAN DE LA MAGUANA,0206 - SAN JUAN OESTE,13531 - POLITECNICO MONSEÑOR TOMAS FRANCISCO REILLY,13531,323
03 - AZUA,0302 - PADRE DE LAS CASAS,06358 - POLITECNICO JOSE FRANCISCO BOBADILLA,06358,323
15 - SANTO DOMINGO,1501 - LOS ALCARRIZOS,12965 - POLITECNICO PROF. VIRGILIO CASILLA MINAYA,12965,328
10 - SANTO DOMINGO,1006 - MENDOZA,09246 - POLITECNICO MANUEL DEL CABRAL FE Y ALEGRIA,09246,329
08 - SANTIAGO,0803 - SANTIAGO SUR-ESTE,15446 - POLITECNICO PROF. RAFAELA MARRERO PAULINO,15446,332
10 - SANTO DOMINGO,1001 - VILLA MELLA,15469 - POLITECNICO FRANCISCO ALBERTO CAAMAÑO DEÑO,15469,333
08 - SANTIAGO,0808 - LICEY AL MEDIO,08686 - POLITECNICO MERCEDES PEÑA,08686,335
10 - SANTO DOMINGO,1004 - SANTO DOMINGO ORIENTAL,09604 - INSTITUTO POLITECNICO PROF. JUAN BOSCH,09604,335
01 - BARAHONA,0103 - BARAHONA,06459 - POLITECNICO SALESIANO CRISTO REY,06459,337
10 - SANTO DOMINGO,1001 - VILLA MELLA,11048 - POLITECNICO NUESTRA SEÑORA DE LA ESPERANZA,11048,337
05 - SAN PEDRO DE MACORIS,0503 - LA ROMANA,07046 - POLITECNICO LILIAM BAYONA,07046,340
04 - SAN CRISTOBAL,0404 - VILLA  ALTAGRACIA,16452 - POLITECNICO JOSE NUÑEZ DE CACERES,16452,341
16 - COTUI,1604 - BONAO SUROESTE,09099 - POLITECNICO ING. JOSE DELIO GUZMAN,09099,342
04 - SAN CRISTOBAL,0401 - CAMBITA GARABITOS,08007 - POLITECNICO CAMBITA,08007,343
15 - SANTO DOMINGO,1501 - LOS ALCARRIZOS,05799 - POLITECNICO SAN JOSE FE Y ALEGRIA,05799,347
10 - SANTO DOMINGO,1007 - SAN ANTONIO DE GUERRA,05984 - POLITECNICO MADRE LAURA,05984,348
17 - MONTE PLATA,1702 - MONTE PLATA,14234 - POLITECNICO CIUDAD DEL CONOCIMIENTO,14234,349
03 - AZUA,0303 - SAN JOSE DE OCOA,07482 - POLITECNICO JOSE NUÑEZ DE CACERES,07482,351
07 - SAN FRANCISCO DE MACORIS,0703 - CASTILLO,06626 - POLITECNICO MARIA PAULINO VIUDA PEREZ,06626,351
08 - SANTIAGO,0806 - SANTIAGO NORESTE,08640 - POLITECNICO MARTINA MERCEDES ZOUAIN,08640,353
08 - SANTIAGO,0805 - SANTIAGO CENTRO-OESTE,15443 - POLITECNICO PROF. JUAN EMILIO BOSCH GAVIÑO,15443,354
16 - COTUI,1605 - PIEDRA BLANCA,09071 - POLITECNICO SALOME UREÑA,09071,355
04 - SAN CRISTOBAL,0406 - HAINA,07987 - POLITECNICO PROF. NAPOLEON ALBERTO CASILLA DIAZ,07987,356
05 - SAN PEDRO DE MACORIS,0503 - LA ROMANA,11680 - POLITECNICO  MARIA AUXILIADORA,11680,356
15 - SANTO DOMINGO,1503 - SANTO DOMINGO SURCENTRAL,05227 - INSTITUTO TECNOLOGICO UNION PANAMERICANA,05227,357
06 - LA VEGA,0605 - LA VEGA ESTE,07169 - INSTITUTO AGRONOMICO Y TECNICO SALESIANO (IATESA),07169,358
06 - LA VEGA,0606 - MOCA,15276 - POLITECNICO SALESIANO ARQUIDES CALDERON,15276,363
08 - SANTIAGO,0804 - SANTIAGO NOROESTE,15674 - POLITECNICO PROF. PLINIO RAFAEL MARTINEZ LUZON,15674,363
10 - SANTO DOMINGO,1001 - VILLA MELLA,09542 - CENTRO DE EXCELENCIA PROF. CRISTINA BILLINI MORALES FE Y ALEGRIA,09542,363
15 - SANTO DOMINGO,1502 - SANTO DOMINGO CENTRO,05407 - INSTITUTO POLITECNICO PARROQUIAL SANTA ANA,05407,363
10 - SANTO DOMINGO,1002 - SABANA PERDIDA,"13558 - POLITECNICO JUAN PABLO II, FE Y ALEGRIA",13558,367
06 - LA VEGA,0603 - JARABACOA,14285 - POLITECNICO MARIA AUXILIADORA,14285,368
10 - SANTO DOMINGO,1001 - VILLA MELLA,14841 - POLITECNICO ANTONIO FIGARIS BAEZ,14841,368
02 - SAN JUAN DE LA MAGUANA,0201 - COMENDADOR,13941 - POLITECNICO SAGRADO CORAZON DE JESUS FE Y ALEGRIA,13941,370
15 - SANTO DOMINGO,1503 - SANTO DOMINGO SURCENTRAL,11715 - INSTITUTO POLITECNICO SALESIANO PADRE BARTOLOME VEGH,11715,371
04 - SAN CRISTOBAL,0403 - SAN CRISTOBAL SUR,15315 - POLITECNICO ALTAGRACIA LUCAS DE GARCIA,15315,373
10 - SANTO DOMINGO,1003 - SANTO DOMINGO NORESTE,05914 - POLITECNICO COLOMBINA CANARIO,05914,374
11 - PUERTO PLATA,1102 - PUERTO PLATA,15403 - POLITECNICO PROF. SANTOS ROMMEL CRUZ DE LEON,15403,376
11 - PUERTO PLATA,1102 - PUERTO PLATA,14424 - POLITECNICO PROF. JAVIER MARTINEZ ARIAS,14424,377
14 - NAGUA,1404 - SAMANA,14047 - POLITECNICO PROF. NATIVIDAD ZULEICA DE ACOSTA,14047,384
09 - MAO,0901 - MAO,09003 - INSTITUTO POLITECNICO NOROESTE,09003,390
06 - LA VEGA,0602 - CONSTANZA,07226 - POLITECNICO GASTON FERNANDO DELIGNE,07226,392
06 - LA VEGA,0603 - JARABACOA,07239 - POLITECNICO LUIS ERNESTO GOMEZ URIBE,07239,392
10 - SANTO DOMINGO,1001 - VILLA MELLA,14575 - BRAULIA DE PAULA,14575,394
10 - SANTO DOMINGO,1003 - SANTO DOMINGO NORESTE,15536 - POLITECNICO PROF. CELESTE ARGENTINA BELTRE MELO,15536,400
10 - SANTO DOMINGO,1004 - SANTO DOMINGO ORIENTAL,05365 - POLITECNICO MARIA DE LA ALTAGRACIA,05365,401
10 - SANTO DOMINGO,1006 - MENDOZA,14765 - POLITECNICO FRAY BALBINO PINEDA GALVEZ,14765,410
12 - HIGUEY,1201 - HIGUEY,06913 - INSTITUTO AGROPECUARIO DE HIGUEY,06913,410
08 - SANTIAGO,0804 - SANTIAGO NOROESTE,08832 - POLITECNICO VICTOR MANUEL ESPAILLAT,08832,412
10 - SANTO DOMINGO,1002 - SABANA PERDIDA,05707 - POLITECNICO MARCOS EVANGELISTA ADON,05707,416
10 - SANTO DOMINGO,1003 - SANTO DOMINGO NORESTE,05447 - POLITECNICO VIRGEN DE LA ALTAGRACIA,05447,417
08 - SANTIAGO,0804 - SANTIAGO NOROESTE,08539 - POLITECNICO MTRA. ELSA BRITO DE DOMINGUEZ,08539,419
16 - COTUI,1605 - PIEDRA BLANCA,14439 - POLITECNICO PEDRO FRANCISCO BONO,14439,422
03 - AZUA,0301 - AZUA,06336 - POLITECNICO PROF. TERESA DIGNA FELIZ DE ESTRADA,06336,425
08 - SANTIAGO,0805 - SANTIAGO CENTRO-OESTE,13506 - POLITECNICO ERNESTO DISLA NUNEZ,13506,426
08 - SANTIAGO,0805 - SANTIAGO CENTRO-OESTE,08913 - POLITECNICO ALTAGRACIA IGLESIAS DE LORA,08913,429
04 - SAN CRISTOBAL,0406 - HAINA,08019 - INSTITUTO POLITECNICO DE HAINA,08019,431
10 - SANTO DOMINGO,1001 - VILLA MELLA,05944 - POLITECNICO PARROQUIAL BETANIA,05944,431
08 - SANTIAGO,0810 - VILLA GONZALEZ,14407 - POLITECNICO LISENDRA ENINIA GERMOSEN FONDEUR,14407,433
06 - LA VEGA,0606 - MOCA,14051 - POLITECNICO PROF. ANDRES FRANCISCO LOPEZ CRUZ,14051,435
12 - HIGUEY,1203 - EL SEIBO,06746 - POLITECNICO SERGIO AUGUSTO BERAS,06746,435
05 - SAN PEDRO DE MACORIS,0503 - LA ROMANA,12577 - POLITECNICO CALASANZ,12577,441
10 - SANTO DOMINGO,1001 - VILLA MELLA,05974 - POLITECNICO OSCUS SAN VALERO,05974,442
04 - SAN CRISTOBAL,0406 - HAINA,10173 - POLITECNICO MARTIN LOPEZ,10173,446
10 - SANTO DOMINGO,1007 - SAN ANTONIO DE GUERRA,05679 - POLITECNICO PROF. EUGENIO DE JESUS MARCANO FONDEUR,05679,448
04 - SAN CRISTOBAL,0403 - SAN CRISTOBAL SUR,09977 - POLITECNICO FRANCISCO J. PEYNADO,09977,454
10 - SANTO DOMINGO,1001 - VILLA MELLA,13499 - INSTITUTO POLITECNICO ARAGON,13499,454
02 - SAN JUAN DE LA MAGUANA,0204 - EL CERCADO,08178 - POLITECNICO PROF. JUAN GONZALEZ MONTERO,08178,460
08 - SANTIAGO,0803 - SANTIAGO SUR-ESTE,08489 - INSTITUTO POLITECNICO INDUSTRIAL DE SANTIAGO-IPISA,08489,466
10 - SANTO DOMINGO,1006 - MENDOZA,05777 - INSTITUTO POLITECNICO SALESIANO-HAINAMOSA,05777,467
03 - AZUA,0304 - BANI,07530 - POLITECNICO MAXIMO GOMEZ,07530,469
01 - BARAHONA,0103 - BARAHONA,06464 - INSTITUTO TECNOLOGICO FEDERICO HENRIQUEZ Y CARVAJAL,06464,472
04 - SAN CRISTOBAL,0404 - VILLA  ALTAGRACIA,07950 - POLITECNICO NUESTRA SEÑORA DE LA ALTAGRACIA,07950,475
13 - MONTE CRISTI,1304 - DAJABON,06526 - INSTITUTO TECNOLOGICO SAN IGNACIO DE LOYOLA (ITESIL),06526,475
08 - SANTIAGO,0803 - SANTIAGO SUR-ESTE,13505 - INSTITUTO POLITECNICO INDUSTRIAL DON BOSCO - SALESIANO,13505,476
12 - HIGUEY,1203 - EL SEIBO,06770 - POLITECNICO SANTA CRUZ FE Y ALEGRIA,06770,476
10 - SANTO DOMINGO,1002 - SABANA PERDIDA,05812 - POLITECNICO CARDENAL SANCHA - FE Y ALEGRIA,05812,477
16 - COTUI,1601 - COTUI,08400 - POLITECNICO JUAN SANCHEZ RAMIREZ,08400,477
02 - SAN JUAN DE LA MAGUANA,0205 - SAN JUAN ESTE,14370 - POLITECNICO SAN PABLO,14370,480
10 - SANTO DOMINGO,1002 - SABANA PERDIDA,11226 - POLITECNICO MANUEL AURELIO TAVAREZ JUSTO (MANOLO),11226,484
15 - SANTO DOMINGO,1502 - SANTO DOMINGO CENTRO,05589 - INSTITUTO POLITECNICO CARDENAL SANCHA,05589,486
08 - SANTIAGO,0803 - SANTIAGO SUR-ESTE,14312 - POLITECNICO MONSEÑOR JUAN ANTONIO FLORES,14312,487
08 - SANTIAGO,0809 - TAMBORIL,08717 - POLITECNICO BRAULIO PAULINO,08717,487
15 - SANTO DOMINGO,1503 - SANTO DOMINGO SURCENTRAL,05887 - POLITECNICO GENERAL BELISARIO PEGUERO GUERRERO P.N.,05887,498
01 - BARAHONA,0103 - BARAHONA,06518 - CATOLICO TECNOLOGICO DE BARAHONA - LICATEBA,06518,500
08 - SANTIAGO,0804 - SANTIAGO NOROESTE,08920 - POLITECNICO RAMON DUBERT NOVO,08920,502
10 - SANTO DOMINGO,1006 - MENDOZA,15538 - POLITECNICO FELIX MARIA RUIZ,15538,506
04 - SAN CRISTOBAL,0405 - YAGUATE,07965 - POLITECNICO ANA LILLIAMS MIRANDA,07965,510
02 - SAN JUAN DE LA MAGUANA,0203 - LAS MATAS DE FARFAN,08198 - POLITECNICO PROF. MERCEDES MARIA MATEO,08198,516
05 - SAN PEDRO DE MACORIS,0506 - CONSUELO,11516 - POLITECNICO INMACULADA CONCEPCION,11516,522
10 - SANTO DOMINGO,1004 - SANTO DOMINGO ORIENTAL,"05371 - INSTITUTO POLITECNICO PILAR CONSTANZO, (FMA SALESIANAS)",05371,538
06 - LA VEGA,0604 - LA VEGA OESTE,01966 - POLITECNICO FORMACION Y DESARROLLO INTEGRAL PADRE FANTINO,01966,543
10 - SANTO DOMINGO,1002 - SABANA PERDIDA,11453 - POLITECNICO EMMA BALAGUER,11453,548
15 - SANTO DOMINGO,1502 - SANTO DOMINGO CENTRO,05344 - INSTITUTO TECNICO SALESIANO - ITESA,05344,549
16 - COTUI,1604 - BONAO SUROESTE,09021 - POLITECNICO FRANCISCO ANTONIO BATISTA GARCIA,09021,550
08 - SANTIAGO,0805 - SANTIAGO CENTRO-OESTE,08498 - INSTITUTO POLITECNICO NUESTRA SEÑORA DE LAS MERCEDES,08498,556
10 - SANTO DOMINGO,1002 - SABANA PERDIDA,09239 - INSTITUTO POLITECNICO EL AVE MARIA,09239,562
07 - SAN FRANCISCO DE MACORIS,0706 - SAN FRANCISCO DE MACORIS NOR-O,06553 - POLITECNICO VICENTE AQUILINO SANTOS,06553,563
06 - LA VEGA,0602 - CONSTANZA,07227 - POLITECNICO FELIPE SORIANO BELLO,07227,565
08 - SANTIAGO,0804 - SANTIAGO NOROESTE,08531 - POLITECNICO PROF. RAFAELA PEREZ,08531,570
05 - SAN PEDRO DE MACORIS,0504 - HATO MAYOR,09198 - POLITECNICO CESAR NICOLAS PENSON,09198,575
15 - SANTO DOMINGO,1504 - SANTO DOMINGO NOROESTE,05150 - INSTITUTO TECNOLOGICO DE ARTES Y OFICIOS,05150,589
08 - SANTIAGO,0804 - SANTIAGO NOROESTE,08582 - INSTITUTO POLITECNICO LA ESPERANZA,08582,611
05 - SAN PEDRO DE MACORIS,0501 - SAN PEDRO DE MACORIS ESTE,08273 - INSTITUTO POLITECNICO PEDRO FELICIANO MARTINEZ,08273,616
15 - SANTO DOMINGO,1504 - SANTO DOMINGO NOROESTE,05163 - INSTITUTO POLITECNICO ANGELES CUSTODIOS,05163,626
15 - SANTO DOMINGO,1502 - SANTO DOMINGO CENTRO,05300 - POLITECNICO NUESTRA SEÑORA DEL CARMEN,05300,630
15 - SANTO DOMINGO,1504 - SANTO DOMINGO NOROESTE,05152 - INSTITUTO POLITECNICO VICTOR ESTRELLA LIZ,05152,640
05 - SAN PEDRO DE MACORIS,0511 - VILLA HERMOSA,13893 - POLITECNICO LUIS HERIBERTO PAYAN,13893,641
10 - SANTO DOMINGO,1001 - VILLA MELLA,06242 - POLITECNICO SAN MIGUEL ARCANGEL,06242,682
11 - PUERTO PLATA,1102 - PUERTO PLATA,07575 - POLITECNICO GREGORIO URBANO GILBERT,07575,695
02 - SAN JUAN DE LA MAGUANA,0205 - SAN JUAN ESTE,08131 - POLITECNICO PEDRO HENRIQUEZ UREÑA,08131,782
15 - SANTO DOMINGO,1505 - HERRERA,04951 - POLITECNICO MADRE. RAFAELA YBARRA,04951,799
04 - SAN CRISTOBAL,0403 - SAN CRISTOBAL SUR,07871 - INSTITUTO POLITECNICO LOYOLA,07871,802
10 - SANTO DOMINGO,1006 - MENDOZA,06067 - INSTITUTO TECNOLOGICO SIMON OROZCO,06067,805
15 - SANTO DOMINGO,1501 - LOS ALCARRIZOS,05873 - POLITECNICO MAX HENRIQUEZ UREÑA - LA UNION,05873,838
10 - SANTO DOMINGO,1003 - SANTO DOMINGO NORESTE,06228 - INSTITUTO TECNOLOGICO FABIO AMABLE MOTA,06228,843
10 - SANTO DOMINGO,1006 - MENDOZA,05787 - POLITECNICO NUESTRA SEÑORA PERPETUO SOCORRO,05787,976
08 - SANTIAGO,0804 - SANTIAGO NOROESTE,08538 - INSTITUTO TECNOLOGICO MEXICO,08538,1077
